Development and Evaluation of Medical Devices,Personalised Medicine,Healthy Ageing,Health Economics,Health Ethics and Policy,Research methodology,Patient data
Development and Evaluation of Medical Devices,Personalised Medicine,Healthy Ageing,health economics,health ethics,research methodology,patient data
evaluation of medical devices,disease risk assessment,age factors,micro-finance,health policy,user-centred approach,health record
development of medical devices,individualised pharmacotherapy,age-friendly,health-financing,healthcare literacy,user-centered approach,primary health data
,individualised treatment,age-inclusive policy,healcare spending,digital inclusion,qualitative methods,
,patient specific therapy,ageing and health,macroeconomics of health,health inequality,quantitative methods,
,personalised diagnostic medicine,ageism,financing health,health inequalities,intervention studies,
,personalised healthcare,decade of healthy ageing,health insurance,patient privacy,cohort studies,
,personalised therapy,elder abuse,,informed consent,,
,precision medicine,long-term integrated care,,ethical considerations,,
,stratified medicine,aging and health,,healthcare reform,,
,targeted therapy,decade of healthy aging,,health regulation,,
,,digital companion,,nutrition policy,,
,,inclusive retirement communities,,bioethics,,
,,gerontology,,,,